{
  "tau_answer": 0.5,
  "tau_abstainpref": 0.5,
  "utility": 2450.0,
  "metrics": {
    "abstain_rate": 0.27705627705627706,
    "route_answer_rate": 0.7229437229437229
  }
}