{
  "tau_answer": 0.5,
  "tau_abstainpref": 0.5,
  "utility": 2531.0,
  "metrics": {
    "abstain_rate": 0.3048855905998763,
    "route_answer_rate": 0.6951144094001237
  }
}